input,actual,prediction,probability,latency_ms
"{'sepal_length': 6.1, 'sepal_width': 2.8, 'petal_length': 4.7, 'petal_width': 1.2}",versicolor,versicolor,0.8885184762594449,41.70122799951059
"{'sepal_length': 5.7, 'sepal_width': 3.8, 'petal_length': 1.7, 'petal_width': 0.3}",setosa,setosa,0.9656576348314587,26.838945999770658
"{'sepal_length': 7.7, 'sepal_width': 2.6, 'petal_length': 6.9, 'petal_width': 2.3}",virginica,virginica,0.9959654690779477,15.761264998218394
"{'sepal_length': 6.0, 'sepal_width': 2.9, 'petal_length': 4.5, 'petal_width': 1.5}",versicolor,versicolor,0.7592060753513469,14.35891300025105
"{'sepal_length': 6.8, 'sepal_width': 2.8, 'petal_length': 4.8, 'petal_width': 1.4}",versicolor,versicolor,0.76414194954501,10.505672998988302
"{'sepal_length': 5.4, 'sepal_width': 3.4, 'petal_length': 1.5, 'petal_width': 0.4}",setosa,setosa,0.9393437507809992,10.176828000112437
"{'sepal_length': 5.6, 'sepal_width': 2.9, 'petal_length': 3.6, 'petal_width': 1.3}",versicolor,versicolor,0.8653497007824119,13.583470999947167
"{'sepal_length': 6.9, 'sepal_width': 3.1, 'petal_length': 5.1, 'petal_width': 2.3}",virginica,virginica,0.9473997026014749,12.931547998960014
"{'sepal_length': 6.2, 'sepal_width': 2.2, 'petal_length': 4.5, 'petal_width': 1.5}",versicolor,versicolor,0.6741881313720027,13.391054999374319
"{'sepal_length': 5.8, 'sepal_width': 2.7, 'petal_length': 3.9, 'petal_width': 1.2}",versicolor,versicolor,0.9261962149093353,11.412251998990541
"{'sepal_length': 6.5, 'sepal_width': 3.2, 'petal_length': 5.1, 'petal_width': 2.0}",virginica,virginica,0.8193368896751885,12.122382999223191
"{'sepal_length': 4.8, 'sepal_width': 3.0, 'petal_length': 1.4, 'petal_width': 0.1}",setosa,setosa,0.9572145070475544,12.664979998589843
"{'sepal_length': 5.5, 'sepal_width': 3.5, 'petal_length': 1.3, 'petal_width': 0.2}",setosa,setosa,0.9634571255468649,11.175134999575675
"{'sepal_length': 4.9, 'sepal_width': 3.1, 'petal_length': 1.5, 'petal_width': 0.1}",setosa,setosa,0.9582614825336992,11.911240000699763
"{'sepal_length': 5.1, 'sepal_width': 3.8, 'petal_length': 1.5, 'petal_width': 0.3}",setosa,setosa,0.9908557495097003,12.454525000066496
"{'sepal_length': 6.3, 'sepal_width': 3.3, 'petal_length': 4.7, 'petal_width': 1.6}",versicolor,versicolor,0.6755032992749878,13.753478000580799
"{'sepal_length': 6.5, 'sepal_width': 3.0, 'petal_length': 5.8, 'petal_width': 2.2}",virginica,virginica,0.9676791165606717,13.701507999940077
"{'sepal_length': 5.6, 'sepal_width': 2.5, 'petal_length': 3.9, 'petal_width': 1.1}",versicolor,versicolor,0.9394708440599804,12.609215998963919
"{'sepal_length': 5.7, 'sepal_width': 2.8, 'petal_length': 4.5, 'petal_width': 1.3}",versicolor,versicolor,0.8587252839501786,14.840022999123903
"{'sepal_length': 6.4, 'sepal_width': 2.8, 'petal_length': 5.6, 'petal_width': 2.2}",virginica,virginica,0.963807495680426,13.31731999925978
"{'sepal_length': 4.7, 'sepal_width': 3.2, 'petal_length': 1.6, 'petal_width': 0.2}",setosa,setosa,0.974071164419168,13.533391000237316
"{'sepal_length': 6.1, 'sepal_width': 3.0, 'petal_length': 4.9, 'petal_width': 1.8}",virginica,virginica,0.6267279788728776,15.309145999708562
"{'sepal_length': 5.0, 'sepal_width': 3.4, 'petal_length': 1.6, 'petal_width': 0.4}",setosa,setosa,0.9685846816780276,11.984209000729606
"{'sepal_length': 6.4, 'sepal_width': 2.8, 'petal_length': 5.6, 'petal_width': 2.1}",virginica,virginica,0.9452419560855441,10.681187000955106
"{'sepal_length': 7.9, 'sepal_width': 3.8, 'petal_length': 6.4, 'petal_width': 2.0}",virginica,virginica,0.9409138782911076,10.95656399957079
"{'sepal_length': 6.7, 'sepal_width': 3.0, 'petal_length': 5.2, 'petal_width': 2.3}",virginica,virginica,0.9561153742933247,11.70994200037967
"{'sepal_length': 6.7, 'sepal_width': 2.5, 'petal_length': 5.8, 'petal_width': 1.8}",virginica,virginica,0.881775411257524,12.4419730000227
"{'sepal_length': 6.8, 'sepal_width': 3.2, 'petal_length': 5.9, 'petal_width': 2.3}",virginica,virginica,0.9787058584862437,13.695879999431781
"{'sepal_length': 4.8, 'sepal_width': 3.0, 'petal_length': 1.4, 'petal_width': 0.3}",setosa,setosa,0.9464748019588086,11.524993999046274
"{'sepal_length': 4.8, 'sepal_width': 3.1, 'petal_length': 1.6, 'petal_width': 0.2}",setosa,setosa,0.9577297313570534,11.832843998490716
"{'sepal_length': 4.6, 'sepal_width': 3.6, 'petal_length': 1.0, 'petal_width': 0.2}",setosa,setosa,0.9963394571134124,13.25573699978122
"{'sepal_length': 5.7, 'sepal_width': 4.4, 'petal_length': 1.5, 'petal_width': 0.4}",setosa,setosa,0.9948570854949683,11.365174999809824
"{'sepal_length': 6.7, 'sepal_width': 3.1, 'petal_length': 4.4, 'petal_width': 1.4}",versicolor,versicolor,0.8608213560487976,13.432506000754074
"{'sepal_length': 4.8, 'sepal_width': 3.4, 'petal_length': 1.6, 'petal_width': 0.2}",setosa,setosa,0.9829304232282439,11.337054000250646
"{'sepal_length': 4.4, 'sepal_width': 3.2, 'petal_length': 1.3, 'petal_width': 0.2}",setosa,setosa,0.9888078153761084,13.62258299923269
"{'sepal_length': 6.3, 'sepal_width': 2.5, 'petal_length': 5.0, 'petal_width': 1.9}",virginica,virginica,0.8067587342154715,11.762414000259014
"{'sepal_length': 6.4, 'sepal_width': 3.2, 'petal_length': 4.5, 'petal_width': 1.5}",versicolor,versicolor,0.7893459179198156,10.54570300038904
"{'sepal_length': 5.2, 'sepal_width': 3.5, 'petal_length': 1.5, 'petal_width': 0.2}",setosa,setosa,0.9752911706285726,11.26441299857106
"{'sepal_length': 5.0, 'sepal_width': 3.6, 'petal_length': 1.4, 'petal_width': 0.2}",setosa,setosa,0.9886404647663128,11.14557899927604
"{'sepal_length': 5.2, 'sepal_width': 4.1, 'petal_length': 1.5, 'petal_width': 0.1}",setosa,setosa,0.9965250809982141,11.162857001181692
"{'sepal_length': 5.8, 'sepal_width': 2.7, 'petal_length': 5.1, 'petal_width': 1.9}",virginica,virginica,0.8032258090105375,12.514011999883223
"{'sepal_length': 6.0, 'sepal_width': 3.4, 'petal_length': 4.5, 'petal_width': 1.6}",versicolor,versicolor,0.7111582293759476,12.04004399914993
"{'sepal_length': 6.7, 'sepal_width': 3.1, 'petal_length': 4.7, 'petal_width': 1.5}",versicolor,versicolor,0.7426252080395731,11.540597000930575
"{'sepal_length': 5.4, 'sepal_width': 3.9, 'petal_length': 1.3, 'petal_width': 0.4}",setosa,setosa,0.9887404217405404,11.282684999969206
"{'sepal_length': 5.4, 'sepal_width': 3.7, 'petal_length': 1.5, 'petal_width': 0.2}",setosa,setosa,0.9803138863342594,10.700296001232346
"{'sepal_length': 5.5, 'sepal_width': 2.4, 'petal_length': 3.7, 'petal_width': 1.0}",versicolor,versicolor,0.947034673364925,13.55105099901266
"{'sepal_length': 6.3, 'sepal_width': 2.8, 'petal_length': 5.1, 'petal_width': 1.5}",virginica,versicolor,0.5926081469050395,17.02552799906698
"{'sepal_length': 6.4, 'sepal_width': 3.1, 'petal_length': 5.5, 'petal_width': 1.8}",virginica,virginica,0.7712803135770537,15.699691000918392
"{'sepal_length': 6.6, 'sepal_width': 3.0, 'petal_length': 4.4, 'petal_width': 1.4}",versicolor,versicolor,0.8541110603893652,10.247333000734216
"{'sepal_length': 7.2, 'sepal_width': 3.6, 'petal_length': 6.1, 'petal_width': 2.5}",virginica,virginica,0.9908173976546079,10.879392000788357
"{'sepal_length': 5.7, 'sepal_width': 2.9, 'petal_length': 4.2, 'petal_width': 1.3}",versicolor,versicolor,0.8765213241887153,11.246026000662823
"{'sepal_length': 7.6, 'sepal_width': 3.0, 'petal_length': 6.6, 'petal_width': 2.1}",virginica,virginica,0.9818626643043542,10.75831199887034
"{'sepal_length': 5.6, 'sepal_width': 3.0, 'petal_length': 4.5, 'petal_width': 1.5}",versicolor,versicolor,0.7505489656528872,12.3066980013391
"{'sepal_length': 5.1, 'sepal_width': 3.5, 'petal_length': 1.4, 'petal_width': 0.2}",setosa,setosa,0.9813049935034892,13.25031200030935
"{'sepal_length': 7.7, 'sepal_width': 2.8, 'petal_length': 6.7, 'petal_width': 2.0}",virginica,virginica,0.9785704718872873,11.518215000251075
"{'sepal_length': 5.8, 'sepal_width': 2.7, 'petal_length': 4.1, 'petal_width': 1.0}",versicolor,versicolor,0.9419423768631462,14.855293000437086
"{'sepal_length': 5.2, 'sepal_width': 3.4, 'petal_length': 1.4, 'petal_width': 0.2}",setosa,setosa,0.9693793205652849,15.628820001438726
"{'sepal_length': 5.0, 'sepal_width': 3.5, 'petal_length': 1.3, 'petal_width': 0.3}",setosa,setosa,0.9841414655518642,13.755605999904219
"{'sepal_length': 5.1, 'sepal_width': 3.8, 'petal_length': 1.9, 'petal_width': 0.4}",setosa,setosa,0.9853204815011153,13.015339000048698
"{'sepal_length': 5.0, 'sepal_width': 2.0, 'petal_length': 3.5, 'petal_width': 1.0}",versicolor,versicolor,0.9498139286168393,12.279054999453365
"{'sepal_length': 6.3, 'sepal_width': 2.7, 'petal_length': 4.9, 'petal_width': 1.8}",virginica,virginica,0.6753829173711495,11.047373000110383
"{'sepal_length': 4.8, 'sepal_width': 3.4, 'petal_length': 1.9, 'petal_width': 0.2}",setosa,setosa,0.9777359173812484,13.417825000942685
"{'sepal_length': 5.0, 'sepal_width': 3.0, 'petal_length': 1.6, 'petal_width': 0.2}",setosa,setosa,0.9183477858493415,10.877745000470895
"{'sepal_length': 5.1, 'sepal_width': 3.3, 'petal_length': 1.7, 'petal_width': 0.5}",setosa,setosa,0.937901470339934,11.596979999012547
"{'sepal_length': 5.6, 'sepal_width': 2.7, 'petal_length': 4.2, 'petal_width': 1.3}",versicolor,versicolor,0.8818677190999625,11.272779000137234
"{'sepal_length': 5.1, 'sepal_width': 3.4, 'petal_length': 1.5, 'petal_width': 0.2}",setosa,setosa,0.9723309929568176,12.489349999668775
"{'sepal_length': 5.7, 'sepal_width': 3.0, 'petal_length': 4.2, 'petal_width': 1.2}",versicolor,versicolor,0.879761411237069,12.079205000190996
"{'sepal_length': 7.7, 'sepal_width': 3.8, 'petal_length': 6.7, 'petal_width': 2.2}",virginica,virginica,0.9821663057288453,10.553879999861238
"{'sepal_length': 4.6, 'sepal_width': 3.2, 'petal_length': 1.4, 'petal_width': 0.2}",setosa,setosa,0.9820403605932803,14.150492001135717
"{'sepal_length': 6.2, 'sepal_width': 2.9, 'petal_length': 4.3, 'petal_width': 1.3}",versicolor,versicolor,0.8952694257299407,12.074095000571106
"{'sepal_length': 5.7, 'sepal_width': 2.5, 'petal_length': 5.0, 'petal_width': 2.0}",virginica,virginica,0.864156446366298,12.460874000680633
"{'sepal_length': 5.5, 'sepal_width': 4.2, 'petal_length': 1.4, 'petal_width': 0.2}",setosa,setosa,0.9953124680386621,13.481096000759862
"{'sepal_length': 6.0, 'sepal_width': 3.0, 'petal_length': 4.8, 'petal_width': 1.8}",virginica,virginica,0.5956673240167469,12.038449000101537
"{'sepal_length': 5.8, 'sepal_width': 2.7, 'petal_length': 5.1, 'petal_width': 1.9}",virginica,virginica,0.8032258090105375,13.068803000351181
"{'sepal_length': 6.0, 'sepal_width': 2.2, 'petal_length': 4.0, 'petal_width': 1.0}",versicolor,versicolor,0.9659188077240786,11.42377900032443
"{'sepal_length': 5.4, 'sepal_width': 3.0, 'petal_length': 4.5, 'petal_width': 1.5}",versicolor,versicolor,0.7365257605279748,11.857265999424271
"{'sepal_length': 6.2, 'sepal_width': 3.4, 'petal_length': 5.4, 'petal_width': 2.3}",virginica,virginica,0.9545246775732497,11.147320001327898
"{'sepal_length': 5.5, 'sepal_width': 2.3, 'petal_length': 4.0, 'petal_width': 1.3}",versicolor,versicolor,0.8969801155100391,12.38960799855704
"{'sepal_length': 5.4, 'sepal_width': 3.9, 'petal_length': 1.7, 'petal_width': 0.4}",setosa,setosa,0.9839190561203892,11.751678999644355
"{'sepal_length': 5.0, 'sepal_width': 2.3, 'petal_length': 3.3, 'petal_width': 1.0}",versicolor,versicolor,0.8941203848141746,11.884293000548496
"{'sepal_length': 6.4, 'sepal_width': 2.7, 'petal_length': 5.3, 'petal_width': 1.9}",virginica,virginica,0.8418524792303379,13.100494999889634
"{'sepal_length': 5.0, 'sepal_width': 3.3, 'petal_length': 1.4, 'petal_width': 0.2}",setosa,setosa,0.9716264951795499,12.677103999521933
"{'sepal_length': 5.0, 'sepal_width': 3.2, 'petal_length': 1.2, 'petal_width': 0.2}",setosa,setosa,0.9678057885058315,12.771099000019603
"{'sepal_length': 5.5, 'sepal_width': 2.4, 'petal_length': 3.8, 'petal_width': 1.1}",versicolor,versicolor,0.9418498020372028,12.633284000912681
"{'sepal_length': 6.7, 'sepal_width': 3.0, 'petal_length': 5.0, 'petal_width': 1.7}",versicolor,virginica,0.5566312590691287,12.317112001255737
"{'sepal_length': 4.9, 'sepal_width': 3.1, 'petal_length': 1.5, 'petal_width': 0.1}",setosa,setosa,0.9582614825336992,12.210558999868226
"{'sepal_length': 5.8, 'sepal_width': 2.8, 'petal_length': 5.1, 'petal_width': 2.4}",virginica,virginica,0.9708853779678733,11.637307999990298
"{'sepal_length': 5.0, 'sepal_width': 3.4, 'petal_length': 1.5, 'petal_width': 0.2}",setosa,setosa,0.9771147306319841,11.494320000565494
"{'sepal_length': 5.0, 'sepal_width': 3.5, 'petal_length': 1.6, 'petal_width': 0.6}",setosa,setosa,0.9708065513932068,11.175714000273729
"{'sepal_length': 5.9, 'sepal_width': 3.2, 'petal_length': 4.8, 'petal_width': 1.8}",versicolor,virginica,0.5580457664171807,11.521952001203317
"{'sepal_length': 5.1, 'sepal_width': 2.5, 'petal_length': 3.0, 'petal_width': 1.1}",versicolor,versicolor,0.8319697919043243,10.890851999647566
"{'sepal_length': 6.9, 'sepal_width': 3.2, 'petal_length': 5.7, 'petal_width': 2.3}",virginica,virginica,0.972826513323045,14.296696999736014
"{'sepal_length': 6.0, 'sepal_width': 2.7, 'petal_length': 5.1, 'petal_width': 1.6}",versicolor,virginica,0.5274534158671439,11.351959999956307
"{'sepal_length': 6.1, 'sepal_width': 2.6, 'petal_length': 5.6, 'petal_width': 1.4}",virginica,versicolor,0.5126799496076797,12.071545999788214
"{'sepal_length': 7.7, 'sepal_width': 3.0, 'petal_length': 6.1, 'petal_width': 2.3}",virginica,virginica,0.9856724027636075,10.256546000164235
"{'sepal_length': 5.5, 'sepal_width': 2.5, 'petal_length': 4.0, 'petal_width': 1.3}",versicolor,versicolor,0.8966719292368889,13.145660001100623
"{'sepal_length': 4.4, 'sepal_width': 2.9, 'petal_length': 1.4, 'petal_width': 0.2}",setosa,setosa,0.9694747883203135,11.121151001134422
"{'sepal_length': 4.3, 'sepal_width': 3.0, 'petal_length': 1.1, 'petal_width': 0.1}",setosa,setosa,0.9872882531188776,12.282678000701708
"{'sepal_length': 6.0, 'sepal_width': 2.2, 'petal_length': 5.0, 'petal_width': 1.5}",virginica,versicolor,0.5257762582310658,17.006907999530085
"{'sepal_length': 7.2, 'sepal_width': 3.2, 'petal_length': 6.0, 'petal_width': 1.8}",virginica,virginica,0.8573598101539671,17.5534849986434
